{"Validation Loss": [[1524565146.099155, 0, 441.04218977689743], [1524565224.7837634, 1, 119.48007895797491], [1524565302.094111, 2, 55.249821335077286], [1524565378.640213, 3, 47.502493999898434], [1524565455.8777614, 4, 44.93678757920861], [1524565533.141941, 5, 42.901735881343484]], "Training Loss": [[1524565068.6019435, 0, 0.6802019476890564], [1524565070.2100096, 1, 0.67827308177948], [1524565071.765497, 2, 0.6760873198509216], [1524565073.33414, 3, 0.6740527153015137], [1524565074.927339, 4, 0.6722103953361511], [1524565076.5377293, 5, 0.6700916886329651], [1524565078.1530468, 6, 0.6679641604423523], [1524565079.7555656, 7, 0.6657270193099976], [1524565081.3596177, 8, 0.6637352108955383], [1524565082.9543536, 9, 0.6617067456245422], [1524565084.5535734, 10, 0.659375786781311], [1524565086.1465273, 11, 0.6572796106338501], [1524565087.7474532, 12, 0.6549319624900818], [1524565089.3515205, 13, 0.6522890329360962], [1524565090.9468555, 14, 0.6501861810684204], [1524565092.5490215, 15, 0.6474841833114624], [1524565094.2404637, 16, 0.6448168158531189], [1524565095.9250531, 17, 0.6422111392021179], [1524565097.5990806, 18, 0.6392544507980347], [1524565099.287145, 19, 0.6362709999084473], [1524565100.902289, 20, 0.6333879232406616], [1524565102.5127943, 21, 0.6300565600395203], [1524565104.1191, 22, 0.6265275478363037], [1524565105.7949243, 23, 0.6232081055641174], [1524565107.5057094, 24, 0.6194195747375488], [1524565109.1964915, 25, 0.6155092120170593], [1524565110.842892, 26, 0.612061083316803], [1524565112.4600384, 27, 0.60795658826828], [1524565114.135952, 28, 0.6032409071922302], [1524565115.8518522, 29, 0.59881591796875], [1524565117.5329683, 30, 0.5944045186042786], [1524565119.148839, 31, 0.5895374417304993], [1524565120.9025488, 32, 0.58414226770401], [1524565122.6005168, 33, 0.5790204405784607], [1524565124.3253667, 34, 0.5735288858413696], [1524565125.9377623, 35, 0.567821741104126], [1524565127.5535476, 36, 0.5617702603340149], [1524565129.1971517, 37, 0.5552471280097961], [1524565130.8460763, 38, 0.5486092567443848], [1524565132.477571, 39, 0.5424774289131165], [1524565134.110986, 40, 0.5352503061294556], [1524565135.7171874, 41, 0.5285170674324036], [1524565137.326661, 42, 0.5210306644439697], [1524565138.9443898, 43, 0.5137818455696106], [1524565139.8891282, 44, 0.5047114491462708], [1524565147.719201, 45, 0.49714919924736023], [1524565149.2643094, 46, 0.48833954334259033], [1524565150.856475, 47, 0.48059913516044617], [1524565152.4498534, 48, 0.47265103459358215], [1524565154.0447505, 49, 0.46317586302757263], [1524565155.6540742, 50, 0.4542217552661896], [1524565157.2656965, 51, 0.44547149538993835], [1524565158.8671448, 52, 0.4358505308628082], [1524565160.4834576, 53, 0.4276658892631531], [1524565162.0877762, 54, 0.4173734784126282], [1524565163.6810262, 55, 0.4088480770587921], [1524565165.287462, 56, 0.4011757969856262], [1524565166.88958, 57, 0.3917858898639679], [1524565168.48942, 58, 0.38128674030303955], [1524565170.0932145, 59, 0.36977142095565796], [1524565171.6972406, 60, 0.3620154857635498], [1524565173.2913368, 61, 0.3505875766277313], [1524565174.8870108, 62, 0.34357380867004395], [1524565176.483211, 63, 0.3326038122177124], [1524565178.0804274, 64, 0.32524341344833374], [1524565179.6797407, 65, 0.31751519441604614], [1524565181.2847872, 66, 0.30752259492874146], [1524565182.8893785, 67, 0.2986983358860016], [1524565184.4911299, 68, 0.28943338990211487], [1524565186.0958354, 69, 0.28219226002693176], [1524565187.7014968, 70, 0.27444353699684143], [1524565189.331719, 71, 0.2685178518295288], [1524565190.948559, 72, 0.2640875577926636], [1524565192.5509832, 73, 0.2507672905921936], [1524565194.1798027, 74, 0.24719199538230896], [1524565195.8238027, 75, 0.24217979609966278], [1524565197.464611, 76, 0.23235662281513214], [1524565199.1201367, 77, 0.22887678444385529], [1524565200.7486567, 78, 0.22040605545043945], [1524565202.3693213, 79, 0.21658925712108612], [1524565203.9820778, 80, 0.20829421281814575], [1524565205.5946684, 81, 0.20122699439525604], [1524565207.264067, 82, 0.1960850954055786], [1524565209.4731522, 83, 0.19419795274734497], [1524565211.0666044, 84, 0.19088241457939148], [1524565212.81933, 85, 0.18286672234535217], [1524565214.4619374, 86, 0.1780717521905899], [1524565216.0692246, 87, 0.1792406141757965], [1524565217.6912215, 88, 0.17003250122070312], [1524565218.5816174, 89, 0.16754721105098724], [1524565226.4333398, 90, 0.1646868735551834], [1524565227.995872, 91, 0.16241447627544403], [1524565229.5609531, 92, 0.15813864767551422], [1524565231.1610312, 93, 0.15471027791500092], [1524565232.7659335, 94, 0.15379533171653748], [1524565234.3752842, 95, 0.14706139266490936], [1524565236.0016913, 96, 0.15058225393295288], [1524565237.6135404, 97, 0.14489750564098358], [1524565239.2160645, 98, 0.1458379328250885], [1524565240.8187833, 99, 0.14374448359012604], [1524565242.4277077, 100, 0.1448427438735962], [1524565244.027544, 101, 0.1409064531326294], [1524565245.6341176, 102, 0.1326875537633896], [1524565247.2344792, 103, 0.13358402252197266], [1524565248.839828, 104, 0.1360177993774414], [1524565250.443314, 105, 0.12673214077949524], [1524565252.0650294, 106, 0.1343166083097458], [1524565253.6774251, 107, 0.12880882620811462], [1524565255.2736018, 108, 0.12575802206993103], [1524565256.8755004, 109, 0.12354645878076553], [1524565258.4702253, 110, 0.12148120999336243], [1524565260.074292, 111, 0.12061731517314911], [1524565261.6394696, 112, 0.11790545284748077], [1524565263.1871836, 113, 0.11843239516019821], [1524565264.7687628, 114, 0.11675973236560822], [1524565266.3629477, 115, 0.1271732747554779], [1524565267.9690342, 116, 0.11620470136404037], [1524565269.570631, 117, 0.11143674701452255], [1524565271.1782556, 118, 0.11617517471313477], [1524565272.7862236, 119, 0.12318366765975952], [1524565274.387306, 120, 0.10825607925653458], [1524565276.0029938, 121, 0.1195308044552803], [1524565277.6107223, 122, 0.11106175184249878], [1524565279.2235036, 123, 0.11059893667697906], [1524565280.8385284, 124, 0.11550293862819672], [1524565282.4518936, 125, 0.12005718052387238], [1524565284.0525131, 126, 0.12311404943466187], [1524565285.6491084, 127, 0.11761645972728729], [1524565287.2454925, 128, 0.11484282463788986], [1524565288.848398, 129, 0.11189315468072891], [1524565290.4545472, 130, 0.11325116455554962], [1524565292.0623212, 131, 0.11425571143627167], [1524565293.6656961, 132, 0.10884349793195724], [1524565295.2616508, 133, 0.10648632794618607], [1524565296.1553977, 134, 0.1230858564376831], [1524565303.6865656, 135, 0.1088804304599762], [1524565305.2288947, 136, 0.10683158785104752], [1524565306.7958794, 137, 0.10571412742137909], [1524565308.380376, 138, 0.1102718859910965], [1524565309.9836497, 139, 0.11570040881633759], [1524565311.5731144, 140, 0.10278072953224182], [1524565313.1651115, 141, 0.10161032527685165], [1524565314.7597177, 142, 0.09818989038467407], [1524565316.3620043, 143, 0.10062006115913391], [1524565317.9606547, 144, 0.11176592111587524], [1524565319.546955, 145, 0.11019288003444672], [1524565321.142285, 146, 0.10844674706459045], [1524565322.7333493, 147, 0.11005493998527527], [1524565324.3313756, 148, 0.1045478880405426], [1524565325.9280992, 149, 0.1084551215171814], [1524565327.5257678, 150, 0.1078140139579773], [1524565329.1120908, 151, 0.10223773866891861], [1524565330.7094574, 152, 0.11179126054048538], [1524565332.301687, 153, 0.10445636510848999], [1524565333.8661005, 154, 0.1037912592291832], [1524565335.416735, 155, 0.11174296587705612], [1524565337.006454, 156, 0.10344953835010529], [1524565338.5976052, 157, 0.09812980890274048], [1524565340.2044976, 158, 0.1087457686662674], [1524565341.8034663, 159, 0.10077550262212753], [1524565343.3934257, 160, 0.10977183282375336], [1524565344.9762459, 161, 0.1005035936832428], [1524565346.5670805, 162, 0.09704665094614029], [1524565348.1556659, 163, 0.10627374053001404], [1524565349.7450702, 164, 0.10221599787473679], [1524565351.331134,