{"Training Loss": [[1524564144.5817275, 50, 0.07401232421398163], [1524564145.672496, 51, 0.07768628746271133], [1524564146.99062, 52, 0.08065518736839294], [1524564148.01754, 53, 0.0719422921538353], [1524564149.1198213, 54, 0.07196526229381561], [1524564150.2138445, 55, 0.07898018509149551], [1524564151.263147, 56, 0.07342100888490677], [1524564152.2962668, 57, 0.0666283667087555], [1524564153.312136, 58, 0.08018506318330765], [1524564154.3108096, 59, 0.08494820445775986]], "Validation Loss": [[1524564160.2307785, 60, 34.08343835454434]]}