{"Validation Loss": [[1524564943.9394262, 160, 30.243467721156776], [1524565022.3169205, 161, 29.656564962118864]], "Training Loss": [[1524564867.7094355, 0, 0.06678316742181778], [1524564869.331842, 1, 0.07053785026073456], [1524564870.9530773, 2, 0.06983883678913116], [1524564872.6364064, 3, 0.06790654361248016], [1524564874.252999, 4, 0.06433474272489548], [1524564875.8676732, 5, 0.06753281503915787], [1524564877.489742, 6, 0.06599042564630508], [1524564879.1253185, 7, 0.06350967288017273], [1524564880.7623432, 8, 0.06220177188515663], [1524564882.6945283, 9, 0.0654250979423523], [1524564884.3085532, 10, 0.07061276584863663], [1524564885.9071038, 11, 0.07668385654687881], [1524564887.5041869, 12, 0.06517837196588516], [1524564889.1061244, 13, 0.07449860870838165], [1524564890.7247322, 14, 0.06517203897237778], [1524564892.3235307, 15, 0.06607896089553833], [1524564893.9392638, 16, 0.07037729024887085], [1524564895.539562, 17, 0.06617643684148788], [1524564897.1360207, 18, 0.06648653000593185], [1524564898.7376697, 19, 0.06563419103622437], [1524564900.3450832, 20, 0.07039713859558105], [1524564901.9507723, 21, 0.06707856804132462], [1524564903.5666177, 22, 0.06638157367706299], [1524564905.1681058, 23, 0.07337155938148499], [1524564906.7683256, 24, 0.07205498963594437], [1524564908.3715405, 25, 0.06924997270107269], [1524564909.9668117, 26, 0.07061979174613953], [1524564911.5603144, 27, 0.06740846484899521], [1524564913.1233132, 28, 0.06400314718484879], [1524564914.6621704, 29, 0.06968481093645096], [1524564916.2517939, 30, 0.06534422188997269], [1524564917.8458204, 31, 0.06629673391580582], [1524564919.4526875, 32, 0.06424867361783981], [1524564921.0566218, 33, 0.061557549983263016], [1524564922.661024, 34, 0.0673508420586586], [1524564924.272908, 35, 0.061004914343357086], [1524564925.8830762, 36, 0.07274629175662994], [1524564927.5538766, 37, 0.06976816803216934], [1524564929.166425, 38, 0.05952627211809158], [1524564930.7605453, 39, 0.06517478078603745], [1524564932.3611567, 40, 0.07137736678123474], [1524564933.9556348, 41, 0.06965382397174835], [1524564935.5522163, 42, 0.06310121715068817], [1524564937.1537492, 43, 0.06444607675075531], [1524564938.0526545, 44, 0.06659112125635147], [1524564945.5468714, 45, 0.06385007500648499], [1524564947.0927446, 46, 0.05843663588166237], [1524564948.6672854, 47, 0.06679702550172806], [1524564950.2611477, 48, 0.07390530407428741], [1524564951.8659954, 49, 0.062386613339185715], [1524564953.4721048, 50, 0.0690707191824913], [1524564955.0754335, 51, 0.06978430598974228], [1524564956.6826456, 52, 0.06963235884904861], [1524564958.2819216, 53, 0.06747561693191528], [1524564959.8798544, 54, 0.07191367447376251], [1524564961.4830382, 55, 0.06569576263427734], [1524564963.0819073, 56, 0.07116471976041794], [1524564964.712078, 57, 0.0626167505979538], [1524564966.339594, 58, 0.06401246786117554], [1524564967.9693413, 59, 0.06733439117670059], [1524564969.6212204, 60, 0.061650265008211136], [1524564971.243246, 61, 0.06911756843328476], [1524564972.8447542, 62, 0.06800380349159241], [1524564974.441874, 63, 0.06673042476177216], [1524564976.041111, 64, 0.07446661591529846], [1524564977.6184418, 65, 0.06828469038009644], [1524564979.2432828, 66, 0.06090104579925537], [1524564980.902436, 67, 0.06973462551832199], [1524564982.5323582, 68, 0.07007007300853729], [1524564984.132717, 69, 0.06794595718383789], [1524564985.7438986, 70, 0.06452500820159912], [1524564987.3509257, 71, 0.06849297881126404], [1524564988.9728937, 72, 0.07370515912771225], [1524564990.602083, 73, 0.05875609070062637], [1524564992.2859993, 74, 0.060991063714027405], [1524564993.949147, 75, 0.05851985886693001], [1524564995.6352034, 76, 0.06334578990936279], [1524564997.282736, 77, 0.06839656829833984], [1524564998.8689585, 78, 0.06647378206253052], [1524565000.444662, 79, 0.0743124932050705], [1524565002.0799215, 80, 0.06678885221481323], [1524565003.7102802, 81, 0.06619787961244583], [1524565005.3447378, 82, 0.07251965254545212], [1524565007.0180469, 83, 0.06251785159111023], [1524565008.6451883, 84, 0.06671777367591858], [1524565010.2644966, 85, 0.06570988893508911], [1524565011.8908896, 86, 0.058769140392541885], [1524565013.5374055, 87, 0.0777473896741867], [1524565015.2012272, 88, 0.07370983809232712], [1524565016.1249597, 89, 0.0712227001786232]]}